ratm9111|qwe123qwe|
ratm922|qwe123qwe|1.1.255.1:123


BlakeANAMARIllman@mailglobals.co|BlakeANAMARIllman|GV56OGVI
JacksonRYCHELLEllman@mailglobals.co|JacksonRYCHELLEllman|0ZT9Y66R
ThomsonKARMELAllman@mailglobals.co|ThomsonKARMELAllman|15YOJEMI
BellPEIGHTYNllman@mailglobals.co|BellPEIGHTYNllman|SSG4LSOR
DuncanRASCHELLllman@mailglobals.co|DuncanRASCHELLllman|I1GOJEMI
JamesMURRIELllman@mailglobals.co|JamesMURRIELllman|XM7PSYVI
NorthKOLLEENllman@mailglobals.co|NorthKOLLEENllman|PJAQYQFR
WilsonWAYNESHAllman@mailglobals.co|WilsonWAYNESHAllman|HNXQD7VI
UnderwoodPORTLANDllman@mailglobals.co|UnderwoodPORTLANDllman|277XECDI
FergusonAZALEYAllman@mailglobals.co|FergusonAZALEYAllman|DJYH9F6R
SkinnerMARILONllman@mailglobals.co|SkinnerMARILONllman|2ALNXW29
MathisKAIMARIEllman@mailglobals.co|MathisKAIMARIEllman|Q5LSDCXR
BlakeILANYllman@mailglobals.co|BlakeILANYllman|98I4FGVI
HendersonOPALllman@mailglobals.co|HendersonOPALllman|4NHWU3DI
BerryGERTURDEllman@mailglobals.co|BerryGERTURDEllman|BRKHJJOR
WelchTENIAllman@mailglobals.co|WelchTENIAllman|9TD6XBT9
MaySHALANEllman@mailglobals.co|MaySHALANEllman|E3DKUIK9
CameronTACHAKAllman@mailglobals.co|CameronTACHAKAllman|W1YBKE29
HartKATARINAllman@mailglobals.co|HartKATARINAllman|5240LIK9
ReesWINNIEllman@mailglobals.co|ReesWINNIEllman|GEJW0ZFR
MacDonaldDENEANllman@mailglobals.co|MacDonaldDENEANllman|QP9FI529
RutherfordCASIEllman@mailglobals.co|RutherfordCASIEllman|693PU8FR
ReidJAELLAllman@mailglobals.co|ReidJAELLAllman|RAEGSYVI
BakerTENIEllman@mailglobals.co|BakerTENIEllman|5HP06BT9
ParrNYKISHAllman@mailglobals.co|ParrNYKISHAllman|7RVPWRK9
AveryANAIDllman@mailglobals.co|AveryANAIDllman|TBBAKYB9
NashMADRENEllman@mailglobals.co|NashMADRENEllman|J0G22O6R
VaughanHYLAllman@mailglobals.co|VaughanHYLAllman|TNDK7QFR
CarrJAKYIAllman@mailglobals.co|CarrJAKYIAllman|5CTVGQFR
ManningROXANllman@mailglobals.co|ManningROXANllman|H7GPHKT9
ThomsonANAIZllman@mailglobals.co|ThomsonANAIZllman|PAH8H0K9
HowardAMBERllman@mailglobals.co|HowardAMBERllman|6TBAKYB9
WalkerAURELIAllman@mailglobals.co|WalkerAURELIAllman|WD4JWCDI
LymanAMBEEllman@mailglobals.co|LymanAMBEEllman|R6L2FBT9
RussellDENEANllman@mailglobals.co|RussellDENEANllman|20MUZ0K9
MetcalfeLACANDICEllman@mailglobals.co|MetcalfeLACANDICEllman|8RLFPQFR
MayWINAFREDllman@mailglobals.co|MayWINAFREDllman|5VJCERK9
